id,Name,Metro-Label,City,State,Median_Income310M400US31060,"Los Alamos, NM Micro Area",Los Alamos,Los Alamos,NM,139944310M400US47900,"Washington-Arlington-Alexandria, DC-VA-MD-WV Metro Area",Washington-Arlington-Alexandria,Washington,DC,108625310M400US41940,"San Jose-Sunnyvale-Santa Clara, CA Metro Area",San Jose-Sunnyvale-Santa Clara,San Jose,CA,108333310M400US20780,"Edwards, CO Micro Area",Edwards,Edwards,CO,105173310M400US27940,"Juneau, AK Micro Area",Juneau,Juneau,AK,105026310M400US41860,"San Francisco-Oakland-Hayward, CA Metro Area",San Francisco-Oakland-Hayward,San Francisco,CA,104194310M400US44920,"Summit Park, UT Micro Area",Summit Park,Summit Park,UT,103235310M400US14860,"Bridgeport-Stamford-Norwalk, CT Metro Area",Bridgeport-Stamford-Norwalk,Bridgeport,CT,101381310M400US14720,"Breckenridge, CO Micro Area",Breckenridge,Breckenridge,CO,97958310M400US27220,"Jackson, WY-ID Micro Area",Jackson,Jackson,WY,97074310M400US48780,"Williston, ND Micro Area",Williston,Williston,ND,96331310M400US14500,"Boulder, CO Metro Area",Boulder,Boulder,CO,95149310M400US34900,"Napa, CA Metro Area",Napa,Napa,CA,94765310M400US25720,"Heber, UT Micro Area",Heber,Heber,UT,91112310M400US47240,"Vineyard Haven, MA Micro Area",Vineyard Haven,Vineyard Haven,MA,89375310M400US14460,"Boston-Cambridge-Newton, MA-NH Metro Area",Boston-Cambridge-Newton,Boston,MA,89184310M400US19860,"Dickinson, ND Micro Area",Dickinson,Dickinson,ND,88944310M400US42660,"Seattle-Tacoma-Bellevue, WA Metro Area",Seattle-Tacoma-Bellevue,Seattle,WA,88843310M400US45940,"Trenton, NJ Metro Area",Trenton,Trenton,NJ,88764310M400US42220,"Santa Rosa, CA Metro Area",Santa Rosa,Santa Rosa,CA,87899310M400US42100,"Santa Cruz-Watsonville, CA Metro Area",Santa Cruz-Watsonville,Santa Cruz,CA,87873310M400US33260,"Midland, TX Metro Area",Midland,Midland,TX,87748310M400US11260,"Anchorage, AK Metro Area",Anchorage,Anchorage,AK,87661310M400US37100,"Oxnard-Thousand Oaks-Ventura, CA Metro Area",Oxnard-Thousand Oaks-Ventura,Oxnard,CA,86445310M400US15680,"California-Lexington Park, MD Metro Area",California-Lexington Park,California,MD,86389310M400US20420,"Durango, CO Micro Area",Durango,Durango,CO,85213310M400US45860,"Torrington, CT Micro Area",Torrington,Torrington,CT,84930310M400US12580,"Baltimore-Columbia-Towson, MD Metro Area",Baltimore-Columbia-Towson,Baltimore,MD,84710310M400US23940,"Gillette, WY Micro Area",Gillette,Gillette,WY,84641310M400US25540,"Hartford-West Hartford-East Hartford, CT Metro Area",Hartford-West Hartford-East Hartford,Hartford,CT,84411310M400US33460,"Minneapolis-St. Paul-Bloomington, MN-WI Metro Area",Minneapolis-St. Paul-Bloomington,Minneapolis,MN,84210310M400US19740,"Denver-Aurora-Lakewood, CO Metro Area",Denver-Aurora-Lakewood,Denver,CO,84176310M400US34940,"Naples-Immokalee-Marco Island, FL Metro Area",Naples-Immokalee-Marco Island,Naples,FL,83138310M400US21220,"Elko, NV Micro Area",Elko,Elko,NV,83135310M400US44460,"Steamboat Springs, CO Micro Area",Steamboat Springs,Steamboat Springs,CO,83004310M400US11460,"Ann Arbor, MI Metro Area",Ann Arbor,Ann Arbor,MI,82884310M400US46820,"Vermillion, SD Micro Area",Vermillion,Vermillion,SD,82819310M400US24060,"Glenwood Springs, CO Micro Area",Glenwood Springs,Glenwood Springs,CO,82715310M400US12420,"Austin-Round Rock, TX Metro Area",Austin-Round Rock,Austin,TX,82689310M400US42200,"Santa Maria-Santa Barbara, CA Metro Area",Santa Maria-Santa Barbara,Santa Maria,CA,82500310M400US26980,"Iowa City, IA Metro Area",Iowa City,Iowa City,IA,82489310M400US42020,"San Luis Obispo-Paso Robles-Arroyo Grande, CA Metro Area",San Luis Obispo-Paso Robles-Arroyo Grande,San Luis Obispo,CA,82189310M400US12700,"Barnstable Town, MA Metro Area",Barnstable Town,Barnstable Town,MA,81896310M400US21820,"Fairbanks, AK Metro Area",Fairbanks,Fairbanks,AK,81747310M400US38180,"Pierre, SD Micro Area",Pierre,Pierre,SD,81580310M400US31700,"Manchester-Nashua, NH Metro Area",Manchester-Nashua,Manchester,NH,81402310M400US46520,"Urban Honolulu, HI Metro Area",Urban Honolulu,Urban Honolulu,HI,80998310M400US28580,"Key West, FL Micro Area",Key West,Key West,FL,80995310M400US35980,"Norwich-New London, CT Metro Area",Norwich-New London,Norwich,CT,80954310M400US31540,"Madison, WI Metro Area",Madison,Madison,WI,80472310M400US13900,"Bismarck, ND Metro Area",Bismarck,Bismarck,ND,79870310M400US40540,"Rock Springs, WY Micro Area",Rock Springs,Rock Springs,WY,79852310M400US41740,"San Diego-Carlsbad, CA Metro Area",San Diego-Carlsbad,San Diego,CA,79436310M400US15540,"Burlington-South Burlington, VT Metro Area",Burlington-South Burlington,Burlington,VT,79065310M400US16820,"Charlottesville, VA Metro Area",Charlottesville,Charlottesville,VA,78895310M400US20660,"Easton, MD Micro Area",Easton,Easton,MD,78657310M400US28540,"Ketchikan, AK Micro Area",Ketchikan,Ketchikan,AK,78594310M400US28180,"Kapaa, HI Micro Area",Kapaa,Kapaa,HI,78409310M400US14010,"Bloomington, IL Metro Area",Bloomington,Bloomington,IL,78272310M400US46700,"Vallejo-Fairfield, CA Metro Area",Vallejo-Fairfield,Vallejo,CA,77887310M400US36500,"Olympia-Tumwater, WA Metro Area",Olympia-Tumwater,Olympia,WA,77825310M400US40340,"Rochester, MN Metro Area",Rochester,Rochester,MN,77757310M400US41500,"Salinas, CA Metro Area",Salinas,Salinas,CA,77731310M400US10580,"Albany-Schenectady-Troy, NY Metro Area",Albany-Schenectady-Troy,Albany,NY,77340310M400US35300,"New Haven-Milford, CT Metro Area",New Haven-Milford,New Haven,CT,77193310M400US35620,"New York-Newark-Jersey City, NY-NJ-PA Metro Area",New York-Newark-Jersey City,New York,NY,77003310M400US18180,"Concord, NH Micro Area",Concord,Concord,NH,76893310M400US22660,"Fort Collins, CO Metro Area",Fort Collins,Fort Collins,CO,76688310M400US14740,"Bremerton-Silverdale, WA Metro Area",Bremerton-Silverdale,Bremerton,WA,76500310M400US38900,"Portland-Vancouver-Hillsboro, OR-WA Metro Area",Portland-Vancouver-Hillsboro,Portland,OR,76453310M400US40060,"Richmond, VA Metro Area",Richmond,Richmond,VA,76436310M400US11180,"Ames, IA Metro Area",Ames,Ames,IA,76427310M400US39580,"Raleigh, NC Metro Area",Raleigh,Raleigh,NC,76423310M400US40900,"Sacramento--Roseville--Arden-Arcade, CA Metro Area",Sacramento--Roseville--Arden-Arcade,Sacramento,CA,76325310M400US33500,"Minot, ND Micro Area",Minot,Minot,ND,76255310M400US42140,"Santa Fe, NM Metro Area",Santa Fe,Santa Fe,NM,76027310M400US11380,"Andrews, TX Micro Area",Andrews,Andrews,TX,76014310M400US22060,"Faribault-Northfield, MN Micro Area",Faribault-Northfield,Faribault,MN,75908310M400US20500,"Durham-Chapel Hill, NC Metro Area",Durham-Chapel Hill,Durham,NC,75727310M400US18700,"Corvallis, OR Metro Area",Corvallis,Corvallis,OR,75531310M400US22020,"Fargo, ND-MN Metro Area",Fargo,Fargo,ND,75520310M400US37980,"Philadelphia-Camden-Wilmington, PA-NJ-DE-MD Metro Area",Philadelphia-Camden-Wilmington,Philadelphia,PA,75330310M400US19780,"Des Moines-West Des Moines, IA Metro Area",Des Moines-West Des Moines,Des Moines,IA,75304310M400US12740,"Barre, VT Micro Area",Barre,Barre,VT,74981310M400US47420,"Wahpeton, ND-MN Micro Area",Wahpeton,Wahpeton,ND,74932310M400US27980,"Kahului-Wailuku-Lahaina, HI Metro Area",Kahului-Wailuku-Lahaina,Kahului,HI,74793310M400US16980,"Chicago-Naperville-Elgin, IL-IN-WI Metro Area",Chicago-Naperville-Elgin,Chicago,IL,74605310M400US27060,"Ithaca, NY Metro Area",Ithaca,Ithaca,NY,74544310M400US36020,"Oak Harbor, WA Micro Area",Oak Harbor,Oak Harbor,WA,74126310M400US38860,"Portland-South Portland, ME Metro Area",Portland-South Portland,Portland,ME,74016310M400US24540,"Greeley, CO Metro Area",Greeley,Greeley,CO,73795310M400US14580,"Bozeman, MT Micro Area",Bozeman,Bozeman,MT,73733310M400US44100,"Springfield, IL Metro Area",Springfield,Springfield,IL,73656310M400US19100,"Dallas-Fort Worth-Arlington, TX Metro Area",Dallas-Fort Worth-Arlington,Dallas,TX,73537310M400US29060,"Laconia, NH Micro Area",Laconia,Laconia,NH,73453310M400US17860,"Columbia, MO Metro Area",Columbia,Columbia,MO,73321310M400US16300,"Cedar Rapids, IA Metro Area",Cedar Rapids,Cedar Rapids,IA,73224310M400US36540,"Omaha-Council Bluffs, NE-IA Metro Area",Omaha-Council Bluffs,Omaha,NE,73201310M400US28420,"Kennewick-Richland, WA Metro Area",Kennewick-Richland,Kennewick,WA,73090310M400US25940,"Hilton Head Island-Bluffton-Beaufort, SC Metro Area",Hilton Head Island-Bluffton-Beaufort,Hilton Head Island,SC,72994310M400US28740,"Kingston, NY Metro Area",Kingston,Kingston,NY,72902310M400US17820,"Colorado Springs, CO Metro Area",Colorado Springs,Colorado Springs,CO,72846310M400US36940,"Owatonna, MN Micro Area",Owatonna,Owatonna,MN,72795310M400US14340,"Boone, IA Micro Area",Boone,Boone,IA,72765310M400US49340,"Worcester, MA-CT Metro Area",Worcester,Worcester,MA,72729310M400US18100,"Columbus, NE Micro Area",Columbus,Columbus,NE,72724310M400US26620,"Huntsville, AL Metro Area",Huntsville,Huntsville,AL,72698310M400US16940,"Cheyenne, WY Metro Area",Cheyenne,Cheyenne,WY,72662310M400US46020,"Truckee-Grass Valley, CA Micro Area",Truckee-Grass Valley,Truckee,CA,72381310M400US26460,"Hudson, NY Micro Area",Hudson,Hudson,NY,72347310M400US49080,"Winnemucca, NV Micro Area",Winnemucca,Winnemucca,NV,72201310M400US25200,"Hailey, ID Micro Area",Hailey,Hailey,ID,72115310M400US41620,"Salt Lake City, UT Metro Area",Salt Lake City,Salt Lake City,UT,71932310M400US36140,"Ocean City, NJ Metro Area",Ocean City,Ocean City,NJ,71890310M400US16580,"Champaign-Urbana, IL Metro Area",Champaign-Urbana,Champaign,IL,71769310M400US30700,"Lincoln, NE Metro Area",Lincoln,Lincoln,NE,71717310M400US47260,"Virginia Beach-Norfolk-Newport News, VA-NC Metro Area",Virginia Beach-Norfolk-Newport News,Virginia Beach,VA,71665310M400US30660,"Lincoln, IL Micro Area",Lincoln,Lincoln,IL,71661310M400US28260,"Kearney, NE Micro Area",Kearney,Kearney,NE,71503310M400US15100,"Brookings, SD Micro Area",Brookings,Brookings,SD,71378310M400US28140,"Kansas City, MO-KS Metro Area",Kansas City,Kansas City,MO,71299310M400US29940,"Lawrence, KS Metro Area",Lawrence,Lawrence,KS,71105310M400US18780,"Craig, CO Micro Area",Craig,Craig,CO,71082310M400US31080,"Los Angeles-Long Beach-Anaheim, CA Metro Area",Los Angeles-Long Beach-Anaheim,Los Angeles,CA,71074310M400US44300,"State College, PA Metro Area",State College,State College,PA,71003310M400US25420,"Harrisburg-Carlisle, PA Metro Area",Harrisburg-Carlisle,Harrisburg,PA,70981310M400US43620,"Sioux Falls, SD Metro Area",Sioux Falls,Sioux Falls,SD,70890310M400US39860,"Red Wing, MN Micro Area",Red Wing,Red Wing,MN,70515310M400US39900,"Reno, NV Metro Area",Reno,Reno,NV,70498310M400US23820,"Gardnerville Ranchos, NV Micro Area",Gardnerville Ranchos,Gardnerville Ranchos,NV,70441310M400US22380,"Flagstaff, AZ Metro Area",Flagstaff,Flagstaff,AZ,70379310M400US26420,"Houston-The Woodlands-Sugar Land, TX Metro Area",Houston-The Woodlands-Sugar Land,Houston,TX,70362310M400US25740,"Helena, MT Micro Area",Helena,Helena,MT,70313310M400US29660,"Laramie, WY Micro Area",Laramie,Laramie,WY,70150310M400US44740,"Storm Lake, IA Micro Area",Storm Lake,Storm Lake,IA,70139310M400US10100,"Aberdeen, SD Micro Area",Aberdeen,Aberdeen,SD,70089310M400US23240,"Fredericksburg, TX Micro Area",Fredericksburg,Fredericksburg,TX,70000310M400US39300,"Providence-Warwick, RI-MA Metro Area",Providence-Warwick,Providence,RI,69947310M400US18140,"Columbus, OH Metro Area",Columbus,Columbus,OH,69797310M400US34580,"Mount Vernon-Anacortes, WA Metro Area",Mount Vernon-Anacortes,Mount Vernon,WA,69718310M400US16700,"Charleston-North Charleston, SC Metro Area",Charleston-North Charleston,Charleston,SC,69677310M400US38240,"Pinehurst-Southern Pines, NC Micro Area",Pinehurst-Southern Pines,Pinehurst,NC,69644310M400US12060,"Atlanta-Sandy Springs-Roswell, GA Metro Area",Atlanta-Sandy Springs-Roswell,Atlanta,GA,69612310M400US33340,"Milwaukee-Waukesha-West Allis, WI Metro Area",Milwaukee-Waukesha-West Allis,Milwaukee,WI,69522310M400US12100,"Atlantic City-Hammonton, NJ Metro Area",Atlantic City-Hammonton,Atlantic City,NJ,69499310M400US36260,"Ogden-Clearfield, UT Metro Area",Ogden-Clearfield,Ogden,UT,69472310M400US31740,"Manhattan, KS Metro Area",Manhattan,Manhattan,KS,69425310M400US47460,"Walla Walla, WA Metro Area",Walla Walla,Walla Walla,WA,69396310M400US18880,"Crestview-Fort Walton Beach-Destin, FL Metro Area",Crestview-Fort Walton Beach-Destin,Crestview,FL,69237310M400US38340,"Pittsfield, MA Metro Area",Pittsfield,Pittsfield,MA,69145310M400US16220,"Casper, WY Metro Area",Casper,Casper,WY,68921310M400US46860,"Vernal, UT Micro Area",Vernal,Vernal,UT,68896310M400US43660,"Snyder, TX Micro Area",Snyder,Snyder,TX,68833310M400US44020,"Spirit Lake, IA Micro Area",Spirit Lake,Spirit Lake,IA,68830310M400US13460,"Bend-Redmond, OR Metro Area",Bend-Redmond,Bend,OR,68767310M400US24220,"Grand Forks, ND-MN Metro Area",Grand Forks,Grand Forks,ND,68763310M400US28300,"Keene, NH Micro Area",Keene,Keene,NH,68731310M400US17200,"Claremont-Lebanon, NH-VT Micro Area",Claremont-Lebanon,Claremont,NH,68667310M400US25700,"Hays, KS Micro Area",Hays,Hays,KS,68507310M400US27420,"Jamestown, ND Micro Area",Jamestown,Jamestown,ND,68500310M400US10900,"Allentown-Bethlehem-Easton, PA-NJ Metro Area",Allentown-Bethlehem-Easton,Allentown,PA,68491310M400US13380,"Bellingham, WA Metro Area",Bellingham,Bellingham,WA,68379310M400US34980,"Nashville-Davidson--Murfreesboro--Franklin, TN Metro Area",Nashville-Davidson--Murfreesboro--Franklin,Nashville,TN,68340310M400US21260,"Ellensburg, WA Micro Area",Ellensburg,Ellensburg,WA,68228310M400US16140,"Carroll, IA Micro Area",Carroll,Carroll,IA,68125310M400US48580,"Whitewater-Elkhorn, WI Micro Area",Whitewater-Elkhorn,Whitewater,WI,68037310M400US35840,"North Port-Sarasota-Bradenton, FL Metro Area",North Port-Sarasota-Bradenton,North Port,FL,67975310M400US17140,"Cincinnati, OH-KY-IN Metro Area",Cincinnati,Cincinnati,OH,67953310M400US38920,"Port Lavaca, TX Micro Area",Port Lavaca,Port Lavaca,TX,67946310M400US48020,"Watertown-Fort Atkinson, WI Micro Area",Watertown-Fort Atkinson,Watertown,WI,67908310M400US31860,"Mankato-North Mankato, MN Metro Area",Mankato-North Mankato,Mankato,MN,67864310M400US29540,"Lancaster, PA Metro Area",Lancaster,Lancaster,PA,67802310M400US28620,"Kill Devil Hills, NC Micro Area",Kill Devil Hills,Kill Devil Hills,NC,67597310M400US26220,"Hood River, OR Micro Area",Hood River,Hood River,OR,67560310M400US24640,"Greenfield Town, MA Micro Area",Greenfield Town,Greenfield Town,MA,67488310M400US29620,"Lansing-East Lansing, MI Metro Area",Lansing-East Lansing,Lansing,MI,67453310M400US40300,"Rochelle, IL Micro Area",Rochelle,Rochelle,IL,67452310M400US11540,"Appleton, WI Metro Area",Appleton,Appleton,WI,67436310M400US14780,"Brenham, TX Micro Area",Brenham,Brenham,TX,67426310M400US36840,"Ottawa, KS Micro Area",Ottawa,Ottawa,KS,67357310M400US45900,"Traverse City, MI Micro Area",Traverse City,Traverse City,MI,67307310M400US41180,"St. Louis, MO-IL Metro Area",St. Louis,St. Louis,MO,67295310M400US26780,"Hutchinson, MN Micro Area",Hutchinson,Hutchinson,MN,67258310M400US49260,"Woodward, OK Micro Area",Woodward,Woodward,OK,67258310M400US38060,"Phoenix-Mesa-Scottsdale, AZ Metro Area",Phoenix-Mesa-Scottsdale,Phoenix,AZ,67192310M400US12860,"Batavia, NY Micro Area",Batavia,Batavia,NY,67103310M400US21300,"Elmira, NY Metro Area",Elmira,Elmira,NY,67080310M400US38700,"Pontiac, IL Micro Area",Pontiac,Pontiac,IL,66963310M400US26900,"Indianapolis-Carmel-Anderson, IN Metro Area",Indianapolis-Carmel-Anderson,Indianapolis,IN,66761310M400US23900,"Gettysburg, PA Metro Area",Gettysburg,Gettysburg,PA,66757310M400US41540,"Salisbury, MD-DE Metro Area",Salisbury,Salisbury,MD,66684310M400US35820,"North Platte, NE Micro Area",North Platte,North Platte,NE,66494310M400US48820,"Willmar, MN Micro Area",Willmar,Willmar,MN,66401310M400US49100,"Winona, MN Micro Area",Winona,Winona,MN,66375310M400US38840,"Port Clinton, OH Micro Area",Port Clinton,Port Clinton,OH,66368310M400US37900,"Peoria, IL Metro Area",Peoria,Peoria,IL,66352310M400US45060,"Syracuse, NY Metro Area",Syracuse,Syracuse,NY,66311310M400US29100,"La Crosse-Onalaska, WI-MN Metro Area",La Crosse-Onalaska,La Crosse,WI,66240310M400US39740,"Reading, PA Metro Area",Reading,Reading,PA,66222310M400US36420,"Oklahoma City, OK Metro Area",Oklahoma City,Oklahoma City,OK,66182310M400US40380,"Rochester, NY Metro Area",Rochester,Rochester,NY,66157310M400US23620,"Gainesville, TX Micro Area",Gainesville,Gainesville,TX,66128310M400US42680,"Sebastian-Vero Beach, FL Metro Area",Sebastian-Vero Beach,Sebastian,FL,66091310M400US47980,"Watertown, SD Micro Area",Watertown,Watertown,SD,66023310M400US45540,"The Villages, FL Metro Area",The Villages,The Villages,FL,65964310M400US48900,"Wilmington, NC Metro Area",Wilmington,Wilmington,NC,65937310M400US49620,"York-Hanover, PA Metro Area",York-Hanover,York,PA,65875310M400US49020,"Winchester, VA-WV Metro Area",Winchester,Winchester,VA,65829310M400US23860,"Georgetown, SC Micro Area",Georgetown,Georgetown,SC,65744310M400US47540,"Wapakoneta, OH Micro Area",Wapakoneta,Wapakoneta,OH,65717310M400US24580,"Green Bay, WI Metro Area",Green Bay,Green Bay,WI,65700310M400US13740,"Billings, MT Metro Area",Billings,Billings,MT,65691310M400US47940,"Waterloo-Cedar Falls, IA Metro Area",Waterloo-Cedar Falls,Waterloo,IA,65620310M400US16180,"Carson City, NV Metro Area",Carson City,Carson City,NV,65612310M400US35580,"New Ulm, MN Micro Area",New Ulm,New Ulm,MN,65593310M400US39660,"Rapid City, SD Metro Area",Rapid City,Rapid City,SD,65516310M400US45220,"Tallahassee, FL Metro Area",Tallahassee,Tallahassee,FL,65492310M400US38300,"Pittsburgh, PA Metro Area",Pittsburgh,Pittsburgh,PA,65487310M400US22300,"Findlay, OH Micro Area",Findlay,Findlay,OH,65451310M400US32700,"McPherson, KS Micro Area",McPherson,McPherson,KS,65381310M400US12380,"Austin, MN Micro Area",Austin,Austin,MN,65327310M400US48300,"Wenatchee, WA Metro Area",Wenatchee,Wenatchee,WA,65279310M400US30460,"Lexington-Fayette, KY Metro Area",Lexington-Fayette,Lexington,KY,65267310M400US18020,"Columbus, IN Metro Area",Columbus,Columbus,IN,65266310M400US23580,"Gainesville, GA Metro Area",Gainesville,Gainesville,GA,65179310M400US14380,"Boone, NC Micro Area",Boone,Boone,NC,65137310M400US20220,"Dubuque, IA Metro Area",Dubuque,Dubuque,IA,65062310M400US28100,"Kankakee, IL Metro Area",Kankakee,Kankakee,IL,65044310M400US29200,"Lafayette-West Lafayette, IN Metro Area",Lafayette-West Lafayette,Lafayette,IN,65000310M400US45820,"Topeka, KS Metro Area",Topeka,Topeka,KS,64977310M400US24340,"Grand Rapids-Wyoming, MI Metro Area",Grand Rapids-Wyoming,Grand Rapids,MI,64906310M400US48140,"Wausau, WI Metro Area",Wausau,Wausau,WI,64903310M400US39420,"Pullman, WA Micro Area",Pullman,Pullman,WA,64874310M400US22540,"Fond du Lac, WI Metro Area",Fond du Lac,Fond du Lac,WI,64841310M400US16740,"Charlotte-Concord-Gastonia, NC-SC Metro Area",Charlotte-Concord-Gastonia,Charlotte,NC,64840310M400US44620,"Stevens Point, WI Micro Area",Stevens Point,Stevens Point,WI,64796310M400US27260,"Jacksonville, FL Metro Area",Jacksonville,Jacksonville,FL,64783310M400US15380,"Buffalo-Cheektowaga-Niagara Falls, NY Metro Area",Buffalo-Cheektowaga-Niagara Falls,Buffalo,NY,64665310M400US19820,"Detroit-Warren-Dearborn, MI Metro Area",Detroit-Warren-Dearborn,Detroit,MI,64665310M400US21860,"Fairmont, MN Micro Area",Fairmont,Fairmont,MN,64637310M400US41420,"Salem, OR Metro Area",Salem,Salem,OR,64607310M400US47020,"Victoria, TX Metro Area",Victoria,Victoria,TX,64602310M400US30140,"Lebanon, PA Metro Area",Lebanon,Lebanon,PA,64600310M400US28020,"Kalamazoo-Portage, MI Metro Area",Kalamazoo-Portage,Kalamazoo,MI,64589310M400US32140,"Marshall, MN Micro Area",Marshall,Marshall,MN,64575310M400US33220,"Midland, MI Metro Area",Midland,Midland,MI,64565310M400US23180,"Frankfort, KY Micro Area",Frankfort,Frankfort,KY,64540310M400US44140,"Springfield, MA Metro Area",Springfield,Springfield,MA,64488310M400US43100,"Sheboygan, WI Metro Area",Sheboygan,Sheboygan,WI,64477310M400US38820,"Port Angeles, WA Micro Area",Port Angeles,Port Angeles,WA,64471310M400US14260,"Boise City, ID Metro Area",Boise City,Boise City,ID,64468310M400US32860,"Menomonie, WI Micro Area",Menomonie,Menomonie,WI,64455310M400US31380,"Macomb, IL Micro Area",Macomb,Macomb,IL,64447310M400US19940,"Dixon, IL Micro Area",Dixon,Dixon,IL,64443310M400US10820,"Alexandria, MN Micro Area",Alexandria,Alexandria,MN,64399310M400US43220,"Shelton, WA Micro Area",Shelton,Shelton,WA,64371310M400US49220,"Wisconsin Rapids-Marshfield, WI Micro Area",Wisconsin Rapids-Marshfield,Wisconsin Rapids,WI,64311310M400US33780,"Monroe, MI Metro Area",Monroe,Monroe,MI,64291310M400US25820,"Hereford, TX Micro Area",Hereford,Hereford,TX,64288310M400US45000,"Susanville, CA Micro Area",Susanville,Susanville,CA,64240310M400US13180,"Beaver Dam, WI Micro Area",Beaver Dam,Beaver Dam,WI,64187310M400US40860,"Rutland, VT Micro Area",Rutland,Rutland,VT,64130310M400US10420,"Akron, OH Metro Area",Akron,Akron,OH,64126310M400US38460,"Plattsburgh, NY Micro Area",Plattsburgh,Plattsburgh,NY,64095310M400US19340,"Davenport-Moline-Rock Island, IA-IL Metro Area",Davenport-Moline-Rock Island,Davenport,IA,64091310M400US15980,"Cape Coral-Fort Myers, FL Metro Area",Cape Coral-Fort Myers,Cape Coral,FL,64089310M400US22260,"Fergus Falls, MN Micro Area",Fergus Falls,Fergus Falls,MN,63979310M400US19300,"Daphne-Fairhope-Foley, AL Metro Area",Daphne-Fairhope-Foley,Daphne,AL,63975310M400US12940,"Baton Rouge, LA Metro Area",Baton Rouge,Baton Rouge,LA,63944310M400US11100,"Amarillo, TX Metro Area",Amarillo,Amarillo,TX,63936310M400US41060,"St. Cloud, MN Metro Area",St. Cloud,St. Cloud,MN,63906310M400US34140,"Moscow, ID Micro Area",Moscow,Moscow,ID,63889310M400US44060,"Spokane-Spokane Valley, WA Metro Area",Spokane-Spokane Valley,Spokane,WA,63801310M400US20260,"Duluth, MN-WI Metro Area",Duluth,Duluth,MN,63794310M400US36780,"Oshkosh-Neenah, WI Metro Area",Oshkosh-Neenah,Oshkosh,WI,63758310M400US48620,"Wichita, KS Metro Area",Wichita,Wichita,KS,63726310M400US44420,"Staunton-Waynesboro, VA Metro Area",Staunton-Waynesboro,Staunton,VA,63656310M400US49380,"Worthington, MN Micro Area",Worthington,Worthington,MN,63646310M400US25900,"Hilo, HI Micro Area",Hilo,Hilo,HI,63637310M400US18660,"Cortland, NY Micro Area",Cortland,Cortland,NY,63621310M400US41700,"San Antonio-New Braunfels, TX Metro Area",San Antonio-New Braunfels,San Antonio,TX,63562310M400US19380,"Dayton, OH Metro Area",Dayton,Dayton,OH,63557310M400US20700,"East Stroudsburg, PA Metro Area",East Stroudsburg,East Stroudsburg,PA,63519310M400US24020,"Glens Falls, NY Metro Area",Glens Falls,Glens Falls,NY,63371310M400US43580,"Sioux City, IA-NE-SD Metro Area",Sioux City,Sioux City,IA,63338310M400US35740,"Norfolk, NE Micro Area",Norfolk,Norfolk,NE,63335310M400US24260,"Grand Island, NE Metro Area",Grand Island,Grand Island,NE,63319310M400US21460,"Enterprise, AL Micro Area",Enterprise,Enterprise,AL,63251310M400US27620,"Jefferson City, MO Metro Area",Jefferson City,Jefferson City,MO,63239310M400US14020,"Bloomington, IN Metro Area",Bloomington,Bloomington,IN,63212310M400US17460,"Cleveland-Elyria, OH Metro Area",Cleveland-Elyria,Cleveland,OH,63186310M400US43380,"Sidney, OH Micro Area",Sidney,Sidney,OH,63185310M400US32260,"Marshalltown, IA Micro Area",Marshalltown,Marshalltown,IA,63180310M400US19500,"Decatur, IL Metro Area",Decatur,Decatur,IL,63167310M400US24460,"Great Bend, KS Micro Area",Great Bend,Great Bend,KS,63092310M400US43300,"Sherman-Denison, TX Metro Area",Sherman-Denison,Sherman,TX,63087310M400US17780,"College Station-Bryan, TX Metro Area",College Station-Bryan,College Station,TX,63012310M400US24300,"Grand Junction, CO Metro Area",Grand Junction,Grand Junction,CO,62997310M400US16540,"Chambersburg-Waynesboro, PA Metro Area",Chambersburg-Waynesboro,Chambersburg,PA,62993310M400US40180,"Riverton, WY Micro Area",Riverton,Riverton,WY,62936310M400US23540,"Gainesville, FL Metro Area",Gainesville,Gainesville,FL,62931310M400US32340,"Maryville, MO Micro Area",Maryville,Maryville,MO,62873310M400US42340,"Savannah, GA Metro Area",Savannah,Savannah,GA,62857310M400US40220,"Roanoke, VA Metro Area",Roanoke,Roanoke,VA,62822310M400US42420,"Scottsbluff, NE Micro Area",Scottsbluff,Scottsbluff,NE,62778310M400US36860,"Ottawa-Peru, IL Micro Area",Ottawa-Peru,Ottawa,IL,62752310M400US11820,"Astoria, OR Micro Area",Astoria,Astoria,OR,62736310M400US26020,"Hobbs, NM Micro Area",Hobbs,Hobbs,NM,62720310M400US46060,"Tucson, AZ Metro Area",Tucson,Tucson,AZ,62694310M400US30300,"Lewiston, ID-WA Metro Area",Lewiston,Lewiston,ID,62667310M400US12300,"Augusta-Waterville, ME Micro Area",Augusta-Waterville,Augusta,ME,62659310M400US25180,"Hagerstown-Martinsburg, MD-WV Metro Area",Hagerstown-Martinsburg,Hagerstown,MD,62605310M400US39540,"Racine, WI Metro Area",Racine,Racine,WI,62571310M400US20740,"Eau Claire, WI Metro Area",Eau Claire,Eau Claire,WI,62541310M400US43260,"Sheridan, WY Micro Area",Sheridan,Sheridan,WY,62537310M400US20100,"Dover, DE Metro Area",Dover,Dover,DE,62513310M400US30020,"Lawton, OK Metro Area",Lawton,Lawton,OK,62513310M400US46380,"Ukiah, CA Micro Area",Ukiah,Ukiah,CA,62474310M400US41100,"St. George, UT Metro Area",St. George,St. George,UT,62461310M400US31140,"Louisville/Jefferson County, KY-IN Metro Area",Louisville/Jefferson County,Louisville/Jefferson County,KY,62429310M400US33980,"Morehead City, NC Micro Area",Morehead City,Morehead City,NC,62420310M400US20820,"Effingham, IL Micro Area",Effingham,Effingham,IL,62339310M400US23060,"Fort Wayne, IN Metro Area",Fort Wayne,Fort Wayne,IN,62336310M400US19580,"Defiance, OH Micro Area",Defiance,Defiance,OH,62318310M400US37340,"Palm Bay-Melbourne-Titusville, FL Metro Area",Palm Bay-Melbourne-Titusville,Palm Bay,FL,62318310M400US49460,"Yankton, SD Micro Area",Yankton,Yankton,SD,62317310M400US17900,"Columbia, SC Metro Area",Columbia,Columbia,SC,62253310M400US44580,"Sterling, IL Micro Area",Sterling,Sterling,IL,62239310M400US21740,"Evanston, WY Micro Area",Evanston,Evanston,WY,62135310M400US12680,"Bardstown, KY Micro Area",Bardstown,Bardstown,KY,62124310M400US12660,"Baraboo, WI Micro Area",Baraboo,Baraboo,WI,62054310M400US41460,"Salina, KS Micro Area",Salina,Salina,KS,62030310M400US10740,"Albuquerque, NM Metro Area",Albuquerque,Albuquerque,NM,61956310M400US40140,"Riverside-San Bernardino-Ontario, CA Metro Area",Riverside-San Bernardino-Ontario,Riverside,CA,61903310M400US40420,"Rockford, IL Metro Area",Rockford,Rockford,IL,61893310M400US15700,"Cambridge, MD Micro Area",Cambridge,Cambridge,MD,61845310M400US43940,"Spearfish, SD Micro Area",Spearfish,Spearfish,SD,61823310M400US44860,"Sulphur Springs, TX Micro Area",Sulphur Springs,Sulphur Springs,TX,61804310M400US26090,"Holland, MI Micro Area",Holland,Holland,MI,61774310M400US16100,"Carlsbad-Artesia, NM Micro Area",Carlsbad-Artesia,Carlsbad,NM,61729310M400US11420,"Angola, IN Micro Area",Angola,Angola,IN,61723310M400US46500,"Urbana, OH Micro Area",Urbana,Urbana,OH,61679310M400US37800,"Pella, IA Micro Area",Pella,Pella,IA,61677310M400US42900,"Seneca Falls, NY Micro Area",Seneca Falls,Seneca Falls,NY,61634310M400US32380,"Mason City, IA Micro Area",Mason City,Mason City,IA,61569310M400US37060,"Oxford, MS Micro Area",Oxford,Oxford,MS,61553310M400US12780,"Bartlesville, OK Micro Area",Bartlesville,Bartlesville,OK,61544310M400US32980,"Merrill, WI Micro Area",Merrill,Merrill,WI,61469310M400US29820,"Las Vegas-Henderson-Paradise, NV Metro Area",Las Vegas-Henderson-Paradise,Las Vegas,NV,61465310M400US30780,"Little Rock-North Little Rock-Conway, AR Metro Area",Little Rock-North Little Rock-Conway,Little Rock,AR,61437310M400US34180,"Moses Lake, WA Micro Area",Moses Lake,Moses Lake,WA,61425310M400US13780,"Binghamton, NY Metro Area",Binghamton,Binghamton,NY,61344310M400US43760,"Sonora, CA Micro Area",Sonora,Sonora,CA,61320310M400US33540,"Missoula, MT Metro Area",Missoula,Missoula,MT,61316310M400US35500,"Newton, IA Micro Area",Newton,Newton,IA,61306310M400US46140,"Tulsa, OK Metro Area",Tulsa,Tulsa,OK,61290310M400US25580,"Hastings, NE Micro Area",Hastings,Hastings,NE,61232310M400US21660,"Eugene, OR Metro Area",Eugene,Eugene,OR,61214310M400US13980,"Blacksburg-Christiansburg-Radford, VA Metro Area",Blacksburg-Christiansburg-Radford,Blacksburg,VA,61148310M400US26820,"Idaho Falls, ID Metro Area",Idaho Falls,Idaho Falls,ID,61148310M400US29020,"Kokomo, IN Metro Area",Kokomo,Kokomo,IN,61126310M400US13820,"Birmingham-Hoover, AL Metro Area",Birmingham-Hoover,Birmingham,AL,61110310M400US46540,"Utica-Rome, NY Metro Area",Utica-Rome,Utica,NY,61078310M400US33140,"Michigan City-La Porte, IN Metro Area",Michigan City-La Porte,Michigan City,IN,61076310M400US30260,"Lewisburg, PA Micro Area",Lewisburg,Lewisburg,PA,61067310M400US44700,"Stockton-Lodi, CA Metro Area",Stockton-Lodi,Stockton,CA,61064310M400US10300,"Adrian, MI Micro Area",Adrian,Adrian,MI,61048310M400US11700,"Asheville, NC Metro Area",Asheville,Asheville,NC,60989310M400US41780,"Sandusky, OH Micro Area",Sandusky,Sandusky,OH,60979310M400US21780,"Evansville, IN-KY Metro Area",Evansville,Evansville,IN,60971310M400US31660,"Malone, NY Micro Area",Malone,Malone,NY,60953310M400US28060,"Kalispell, MT Micro Area",Kalispell,Kalispell,MT,60948310M400US13340,"Bellefontaine, OH Micro Area",Bellefontaine,Bellefontaine,OH,60847310M400US17660,"Coeur d'Alene, ID Metro Area",Coeur d'Alene,Coeur d'Alene,ID,60828310M400US28500,"Kerrville, TX Micro Area",Kerrville,Kerrville,TX,60815310M400US44500,"Stephenville, TX Micro Area",Stephenville,Stephenville,TX,60804310M400US13540,"Bennington, VT Micro Area",Bennington,Bennington,VT,60800310M400US12180,"Auburn, NY Micro Area",Auburn,Auburn,NY,60766310M400US36580,"Oneonta, NY Micro Area",Oneonta,Oneonta,NY,60617310M400US26700,"Huron, SD Micro Area",Huron,Huron,SD,60615310M400US41220,"St. Marys, GA Micro Area",St. Marys,St. Marys,GA,60561310M400US21700,"Eureka-Arcata-Fortuna, CA Micro Area",Eureka-Arcata-Fortuna,Eureka,CA,60525310M400US34060,"Morgantown, WV Metro Area",Morgantown,Morgantown,WV,60508310M400US24330,"Grand Rapids, MN Micro Area",Grand Rapids,Grand Rapids,MN,60501310M400US22220,"Fayetteville-Springdale-Rogers, AR-MO Metro Area",Fayetteville-Springdale-Rogers,Fayetteville,AR,60479310M400US37860,"Pensacola-Ferry Pass-Brent, FL Metro Area",Pensacola-Ferry Pass-Brent,Pensacola,FL,60474310M400US47580,"Warner Robins, GA Metro Area",Warner Robins,Warner Robins,GA,60435310M400US47700,"Warsaw, IN Micro Area",Warsaw,Warsaw,IN,60364310M400US37080,"Oxford, NC Micro Area",Oxford,Oxford,NC,60319310M400US41660,"San Angelo, TX Metro Area",San Angelo,San Angelo,TX,60290310M400US22280,"Fernley, NV Micro Area",Fernley,Fernley,NV,60252310M400US46340,"Tyler, TX Metro Area",Tyler,Tyler,TX,60243310M400US33580,"Mitchell, SD Micro Area",Mitchell,Mitchell,SD,60218310M400US47660,"Warrensburg, MO Micro Area",Warrensburg,Warrensburg,MO,60190310M400US23780,"Garden City, KS Micro Area",Garden City,Garden City,KS,60047310M400US31820,"Manitowoc, WI Micro Area",Manitowoc,Manitowoc,WI,59985310M400US14660,"Brainerd, MN Micro Area",Brainerd,Brainerd,MN,59943310M400US27500,"Janesville-Beloit, WI Metro Area",Janesville-Beloit,Janesville,WI,59913310M400US21420,"Enid, OK Metro Area",Enid,Enid,OK,59903310M400US13100,"Beatrice, NE Micro Area",Beatrice,Beatrice,NE,59873310M400US37460,"Panama City, FL Metro Area",Panama City,Panama City,FL,59871310M400US23300,"Freeport, IL Micro Area",Freeport,Freeport,IL,59841310M400US32100,"Marquette, MI Micro Area",Marquette,Marquette,MI,59831310M400US27140,"Jackson, MS Metro Area",Jackson,Jackson,MS,59823310M400US17020,"Chico, CA Metro Area",Chico,Chico,CA,59798310M400US41760,"Sandpoint, ID Micro Area",Sandpoint,Sandpoint,ID,59778310M400US16860,"Chattanooga, TN-GA Metro Area",Chattanooga,Chattanooga,TN,59763310M400US12260,"Augusta-Richmond County, GA-SC Metro Area",Augusta-Richmond County,Augusta,GA,59717310M400US18580,"Corpus Christi, TX Metro Area",Corpus Christi,Corpus Christi,TX,59715310M400US28940,"Knoxville, TN Metro Area",Knoxville,Knoxville,TN,59712310M400US28660,"Killeen-Temple, TX Metro Area",Killeen-Temple,Killeen,TX,59704310M400US15460,"Burlington, IA-IL Micro Area",Burlington,Burlington,IA,59685310M400US49700,"Yuba City, CA Metro Area",Yuba City,Yuba City,CA,59669310M400US21380,"Emporia, KS Micro Area",Emporia,Emporia,KS,59638310M400US45380,"Taylorville, IL Micro Area",Taylorville,Taylorville,IL,59527310M400US38940,"Port St. Lucie, FL Metro Area",Port St. Lucie,Port St. Lucie,FL,59446310M400US39820,"Redding, CA Metro Area",Redding,Redding,CA,59430310M400US30900,"Logansport, IN Micro Area",Logansport,Logansport,IN,59342310M400US22780,"Fort Leonard Wood, MO Micro Area",Fort Leonard Wood,Fort Leonard Wood,MO,59339310M400US44540,"Sterling, CO Micro Area",Sterling,Sterling,CO,59295310M400US45780,"Toledo, OH Metro Area",Toledo,Toledo,OH,59234310M400US16380,"Celina, OH Micro Area",Celina,Celina,OH,59214310M400US42780,"Selinsgrove, PA Micro Area",Selinsgrove,Selinsgrove,PA,59183310M400US19980,"Dodge City, KS Micro Area",Dodge City,Dodge City,KS,59174310M400US21020,"Elizabeth City, NC Micro Area",Elizabeth City,Elizabeth City,NC,59151310M400US38500,"Plymouth, IN Micro Area",Plymouth,Plymouth,IN,59151310M400US32780,"Medford, OR Metro Area",Medford,Medford,OR,59149310M400US31180,"Lubbock, TX Metro Area",Lubbock,Lubbock,TX,59141310M400US34700,"Muscatine, IA Micro Area",Muscatine,Muscatine,IA,59089310M400US45300,"Tampa-St. Petersburg-Clearwater, FL Metro Area",Tampa-St. Petersburg-Clearwater,Tampa,FL,59054310M400US31340,"Lynchburg, VA Metro Area",Lynchburg,Lynchburg,VA,59050310M400US36740,"Orlando-Kissimmee-Sanford, FL Metro Area",Orlando-Kissimmee-Sanford,Orlando,FL,59050310M400US10660,"Albert Lea, MN Micro Area",Albert Lea,Albert Lea,MN,59007310M400US35380,"New Orleans-Metairie, LA Metro Area",New Orleans-Metairie,New Orleans,LA,58992310M400US24860,"Greenville-Anderson-Mauldin, SC Metro Area",Greenville-Anderson-Mauldin,Greenville,SC,58965310M400US23140,"Frankfort, IN Micro Area",Frankfort,Frankfort,IN,58953310M400US22800,"Fort Madison-Keokuk, IA-IL-MO Micro Area",Fort Madison-Keokuk,Fort Madison,IA,58910310M400US32820,"Memphis, TN-MS-AR Metro Area",Memphis,Memphis,TN,58853310M400US33700,"Modesto, CA Metro Area",Modesto,Modesto,CA,58832310M400US23340,"Fremont, NE Micro Area",Fremont,Fremont,NE,58823310M400US37020,"Owosso, MI Micro Area",Owosso,Owosso,MI,58814310M400US27540,"Jasper, IN Micro Area",Jasper,Jasper,IN,58778310M400US25840,"Hermiston-Pendleton, OR Micro Area",Hermiston-Pendleton,Hermiston,OR,58770310M400US25500,"Harrisonburg, VA Metro Area",Harrisonburg,Harrisonburg,VA,58715310M400US43020,"Shawano, WI Micro Area",Shawano,Shawano,WI,58713310M400US43420,"Sierra Vista-Douglas, AZ Metro Area",Sierra Vista-Douglas,Sierra Vista,AZ,58707310M400US14300,"Bonham, TX Micro Area",Bonham,Bonham,TX,58686310M400US12020,"Athens-Clarke County, GA Metro Area",Athens-Clarke County,Athens,GA,58653310M400US34820,"Myrtle Beach-Conway-North Myrtle Beach, SC-NC Metro Area",Myrtle Beach-Conway-North Myrtle Beach,Myrtle Beach,SC,58636310M400US49300,"Wooster, OH Micro Area",Wooster,Wooster,OH,58591310M400US39340,"Provo-Orem, UT Metro Area",Provo-Orem,Provo,UT,58522310M400US33860,"Montgomery, AL Metro Area",Montgomery,Montgomery,AL,58473310M400US39140,"Prescott, AZ Metro Area",Prescott,Prescott,AZ,58422310M400US34540,"Mount Vernon, OH Micro Area",Mount Vernon,Mount Vernon,OH,58419310M400US30420,"Lexington, NE Micro Area",Lexington,Lexington,NE,58408310M400US23660,"Galesburg, IL Micro Area",Galesburg,Galesburg,IL,58289310M400US27600,"Jefferson, GA Micro Area",Jefferson,Jefferson,GA,58269310M400US39460,"Punta Gorda, FL Metro Area",Punta Gorda,Punta Gorda,FL,58267310M400US43780,"South Bend-Mishawaka, IN-MI Metro Area",South Bend-Mishawaka,South Bend,IN,58261310M400US33940,"Montrose, CO Micro Area",Montrose,Montrose,CO,58240310M400US48700,"Williamsport, PA Metro Area",Williamsport,Williamsport,PA,58175310M400US41260,"St. Marys, PA Micro Area",St. Marys,St. Marys,PA,58166310M400US47820,"Washington, NC Micro Area",Washington,Washington,NC,58134310M400US46780,"Van Wert, OH Micro Area",Van Wert,Van Wert,OH,58125310M400US45020,"Sweetwater, TX Micro Area",Sweetwater,Sweetwater,TX,58046310M400US17540,"Clinton, IA Micro Area",Clinton,Clinton,IA,58039310M400US11860,"Atchison, KS Micro Area",Atchison,Atchison,KS,57946310M400US21060,"Elizabethtown-Fort Knox, KY Metro Area",Elizabethtown-Fort Knox,Elizabethtown,KY,57943310M400US38420,"Platteville, WI Micro Area",Platteville,Platteville,WI,57936310M400US36220,"Odessa, TX Metro Area",Odessa,Odessa,TX,57899310M400US23380,"Fremont, OH Micro Area",Fremont,Fremont,OH,57889310M400US35100,"New Bern, NC Metro Area",New Bern,New Bern,NC,57846310M400US28340,"Kendallville, IN Micro Area",Kendallville,Kendallville,IN,57829310M400US10540,"Albany, OR Metro Area",Albany,Albany,OR,57760310M400US18500,"Corning, NY Micro Area",Corning,Corning,NY,57741310M400US13700,"Big Spring, TX Micro Area",Big Spring,Big Spring,TX,57721310M400US24820,"Greenville, OH Micro Area",Greenville,Greenville,OH,57692310M400US18820,"Crawfordsville, IN Micro Area",Crawfordsville,Crawfordsville,IN,57685310M400US31020,"Longview, WA Metro Area",Longview,Longview,WA,57683310M400US48060,"Watertown-Fort Drum, NY Metro Area",Watertown-Fort Drum,Watertown,NY,57616310M400US11680,"Arkansas City-Winfield, KS Micro Area",Arkansas City-Winfield,Arkansas City,KS,57615310M400US35940,"Norwalk, OH Micro Area",Norwalk,Norwalk,OH,57487310M400US36900,"Ottumwa, IA Micro Area",Ottumwa,Ottumwa,IA,57456310M400US19000,"Cullowhee, NC Micro Area",Cullowhee,Cullowhee,NC,57450310M400US47340,"Wabash, IN Micro Area",Wabash,Wabash,IN,57381310M400US47380,"Waco, TX Metro Area",Waco,Waco,TX,57368310M400US42540,"Scranton--Wilkes-Barre--Hazleton, PA Metro Area",Scranton--Wilkes-Barre--Hazleton,Scranton,PA,57361310M400US12220,"Auburn-Opelika, AL Metro Area",Auburn-Opelika,Auburn,AL,57349310M400US41140,"St. Joseph, MO-KS Metro Area",St. Joseph,St. Joseph,MO,57344310M400US48220,"Weatherford, OK Micro Area",Weatherford,Weatherford,OK,57311310M400US26960,"Ionia, MI Micro Area",Ionia,Ionia,MI,57305310M400US44660,"Stillwater, OK Micro Area",Stillwater,Stillwater,OK,57305310M400US39500,"Quincy, IL-MO Micro Area",Quincy,Quincy,IL,57291310M400US48980,"Wilson, NC Micro Area",Wilson,Wilson,NC,57273310M400US16660,"Charleston-Mattoon, IL Micro Area",Charleston-Mattoon,Charleston,IL,57264310M400US18860,"Crescent City, CA Micro Area",Crescent City,Crescent City,CA,57238310M400US30980,"Longview, TX Metro Area",Longview,Longview,TX,57228310M400US32220,"Marshall, TX Micro Area",Marshall,Marshall,TX,57219310M400US11740,"Ashland, OH Micro Area",Ashland,Ashland,OH,57218310M400US20380,"Dunn, NC Micro Area",Dunn,Dunn,NC,57196310M400US23420,"Fresno, CA Metro Area",Fresno,Fresno,CA,57159310M400US15940,"Canton-Massillon, OH Metro Area",Canton-Massillon,Canton,OH,57130310M400US35420,"New Philadelphia-Dover, OH Micro Area",New Philadelphia-Dover,New Philadelphia,OH,57100310M400US44220,"Springfield, OH Metro Area",Springfield,Springfield,OH,57067310M400US46220,"Tuscaloosa, AL Metro Area",Tuscaloosa,Tuscaloosa,AL,57055310M400US49180,"Winston-Salem, NC Metro Area",Winston-Salem,Winston,NC,57049310M400US13260,"Bedford, IN Micro Area",Bedford,Bedford,IN,56990310M400US36820,"Oskaloosa, IA Micro Area",Oskaloosa,Oskaloosa,IA,56919310M400US35660,"Niles-Benton Harbor, MI Metro Area",Niles-Benton Harbor,Niles,MI,56911310M400US25300,"Hannibal, MO Micro Area",Hannibal,Hannibal,MO,56887310M400US48660,"Wichita Falls, TX Metro Area",Wichita Falls,Wichita Falls,TX,56878310M400US21500,"Erie, PA Metro Area",Erie,Erie,PA,56836310M400US16060,"Carbondale-Marion, IL Metro Area",Carbondale-Marion,Carbondale,IL,56766310M400US38540,"Pocatello, ID Metro Area",Pocatello,Pocatello,ID,56718310M400US24780,"Greenville, NC Metro Area",Greenville,Greenville,NC,56709310M400US31220,"Ludington, MI Micro Area",Ludington,Ludington,MI,56684310M400US31460,"Madera, CA Metro Area",Madera,Madera,CA,56641310M400US21140,"Elkhart-Goshen, IN Metro Area",Elkhart-Goshen,Elkhart,IN,56615310M400US42380,"Sayre, PA Micro Area",Sayre,Sayre,PA,56601310M400US10180,"Abilene, TX Metro Area",Abilene,Abilene,TX,56572310M400US25100,"Guymon, OK Micro Area",Guymon,Guymon,OK,56553310M400US33100,"Miami-Fort Lauderdale-West Palm Beach, FL Metro Area",Miami-Fort Lauderdale-West Palm Beach,Miami,FL,56534310M400US30860,"Logan, UT-ID Metro Area",Logan,Logan,UT,56494310M400US21840,"Fairfield, IA Micro Area",Fairfield,Fairfield,IA,56434310M400US26540,"Huntington, IN Micro Area",Huntington,Huntington,IN,56380310M400US42860,"Seneca, SC Micro Area",Seneca,Seneca,SC,56353310M400US13140,"Beaumont-Port Arthur, TX Metro Area",Beaumont-Port Arthur,Beaumont,TX,56321310M400US34500,"Mount Vernon, IL Micro Area",Mount Vernon,Mount Vernon,IL,56310310M400US17300,"Clarksville, TN-KY Metro Area",Clarksville,Clarksville,TN,56284310M400US19660,"Deltona-Daytona Beach-Ormond Beach, FL Metro Area",Deltona-Daytona Beach-Ormond Beach,Deltona,FL,56253310M400US11660,"Arkadelphia, AR Micro Area",Arkadelphia,Arkadelphia,AR,56217310M400US31500,"Madison, IN Micro Area",Madison,Madison,IN,56194310M400US39220,"Price, UT Micro Area",Price,Price,UT,56182310M400US15900,"Canton, IL Micro Area",Canton,Canton,IL,56162310M400US30340,"Lewiston-Auburn, ME Metro Area",Lewiston-Auburn,Lewiston,ME,56131310M400US24660,"Greensboro-High Point, NC Metro Area",Greensboro-High Point,Greensboro,NC,56093310M400US37120,"Ozark, AL Micro Area",Ozark,Ozark,AL,56079310M400US34380,"Mount Pleasant, MI Micro Area",Mount Pleasant,Mount Pleasant,MI,56051310M400US15260,"Brunswick, GA Metro Area",Brunswick,Brunswick,GA,56018310M400US27300,"Jacksonville, IL Micro Area",Jacksonville,Jacksonville,IL,55991310M400US16500,"Centralia, WA Micro Area",Centralia,Centralia,WA,55988310M400US30820,"Lock Haven, PA Micro Area",Lock Haven,Lock Haven,PA,55985310M400US13940,"Blackfoot, ID Micro Area",Blackfoot,Blackfoot,ID,55975310M400US48540,"Wheeling, WV-OH Metro Area",Wheeling,Wheeling,WV,55960310M400US46300,"Twin Falls, ID Metro Area",Twin Falls,Twin Falls,ID,55854310M400US39260,"Prineville, OR Micro Area",Prineville,Prineville,OR,55852310M400US47620,"Warren, PA Micro Area",Warren,Warren,PA,55700310M400US24500,"Great Falls, MT Metro Area",Great Falls,Great Falls,MT,55649310M400US47220,"Vineland-Bridgeton, NJ Metro Area",Vineland-Bridgeton,Vineland,NJ,55619310M400US37780,"Pecos, TX Micro Area",Pecos,Pecos,TX,55605310M400US17740,"Coldwater, MI Micro Area",Coldwater,Coldwater,MI,55596310M400US19760,"DeRidder, LA Micro Area",DeRidder,DeRidder,LA,55588310M400US12540,"Bakersfield, CA Metro Area",Bakersfield,Bakersfield,CA,55584310M400US12620,"Bangor, ME Metro Area",Bangor,Bangor,ME,55560310M400US12140,"Auburn, IN Micro Area",Auburn,Auburn,IN,55529310M400US22860,"Fort Polk South, LA Micro Area",Fort Polk South,Fort Polk South,LA,55517310M400US14420,"Borger, TX Micro Area",Borger,Borger,TX,55500310M400US22520,"Florence-Muscle Shoals, AL Metro Area",Florence-Muscle Shoals,Florence,AL,55469310M400US18060,"Columbus, MS Micro Area",Columbus,Columbus,MS,55445310M400US15860,"Ca�on City, CO Micro Area",Ca�on City,Ca�on City,CO,55403310M400US27100,"Jackson, MI Metro Area",Jackson,Jackson,MI,55400310M400US13420,"Bemidji, MN Micro Area",Bemidji,Bemidji,MN,55367310M400US37140,"Paducah, KY-IL Micro Area",Paducah,Paducah,KY,55330310M400US30620,"Lima, OH Metro Area",Lima,Lima,OH,55324310M400US11620,"Ardmore, OK Micro Area",Ardmore,Ardmore,OK,55265310M400US16460,"Centralia, IL Micro Area",Centralia,Centralia,IL,55132310M400US13660,"Big Rapids, MI Micro Area",Big Rapids,Big Rapids,MI,55096310M400US31930,"Marietta, OH Micro Area",Marietta,Marietta,OH,55045310M400US41820,"Sanford, NC Micro Area",Sanford,Sanford,NC,55023310M400US25220,"Hammond, LA Metro Area",Hammond,Hammond,LA,55013310M400US47780,"Washington, IN Micro Area",Washington,Washington,IN,54978310M400US14100,"Bloomsburg-Berwick, PA Metro Area",Bloomsburg-Berwick,Bloomsburg,PA,54952310M400US21900,"Fairmont, WV Micro Area",Fairmont,Fairmont,WV,54938310M400US46100,"Tullahoma-Manchester, TN Micro Area",Tullahoma-Manchester,Tullahoma,TN,54919310M400US40940,"Safford, AZ Micro Area",Safford,Safford,AZ,54904310M400US26340,"Houghton, MI Micro Area",Houghton,Houghton,MI,54901310M400US17220,"Clarksburg, WV Micro Area",Clarksburg,Clarksburg,WV,54862310M400US33740,"Monroe, LA Metro Area",Monroe,Monroe,LA,54855310M400US42980,"Seymour, IN Micro Area",Seymour,Seymour,IN,54843310M400US14820,"Brevard, NC Micro Area",Brevard,Brevard,NC,54817310M400US43900,"Spartanburg, SC Metro Area",Spartanburg,Spartanburg,SC,54799310M400US39060,"Pottsville, PA Micro Area",Pottsville,Pottsville,PA,54782310M400US37580,"Paris, TX Micro Area",Paris,Paris,TX,54769310M400US15420,"Burley, ID Micro Area",Burley,Burley,ID,54708310M400US14620,"Bradford, PA Micro Area",Bradford,Bradford,PA,54694310M400US44780,"Sturgis, MI Micro Area",Sturgis,Sturgis,MI,54690310M400US11900,"Athens, OH Micro Area",Athens,Athens,OH,54674310M400US37660,"Parsons, KS Micro Area",Parsons,Parsons,KS,54668310M400US44180,"Springfield, MO Metro Area",Springfield,Springfield,MO,54665310M400US35860,"North Vernon, IN Micro Area",North Vernon,North Vernon,IN,54663310M400US19540,"Decatur, IN Micro Area",Decatur,Decatur,IN,54648310M400US37940,"Peru, IN Micro Area",Peru,Peru,IN,54646310M400US36980,"Owensboro, KY Metro Area",Owensboro,Owensboro,KY,54634310M400US22140,"Farmington, NM Metro Area",Farmington,Farmington,NM,54626310M400US26300,"Hot Springs, AR Metro Area",Hot Springs,Hot Springs,AR,54600310M400US29260,"La Grande, OR Micro Area",La Grande,La Grande,OR,54599310M400US36300,"Ogdensburg-Massena, NY Micro Area",Ogdensburg-Massena,Ogdensburg,NY,54598310M400US11020,"Altoona, PA Metro Area",Altoona,Altoona,PA,54592310M400US17980,"Columbus, GA-AL Metro Area",Columbus,Columbus,GA,54553310M400US21540,"Escanaba, MI Micro Area",Escanaba,Escanaba,MI,54550310M400US27900,"Joplin, MO Metro Area",Joplin,Joplin,MO,54543310M400US19180,"Danville, IL Metro Area",Danville,Danville,IL,54526310M400US20340,"Duncan, OK Micro Area",Duncan,Duncan,OK,54524310M400US15500,"Burlington, NC Metro Area",Burlington,Burlington,NC,54518310M400US31900,"Mansfield, OH Metro Area",Mansfield,Mansfield,OH,54481310M400US45500,"Texarkana, TX-AR Metro Area",Texarkana,Texarkana,TX,54474310M400US24700,"Greensburg, IN Micro Area",Greensburg,Greensburg,IN,54460310M400US16020,"Cape Girardeau, MO-IL Metro Area",Cape Girardeau,Cape Girardeau,MO,54427310M400US19460,"Decatur, AL Metro Area",Decatur,Decatur,AL,54383310M400US49420,"Yakima, WA Metro Area",Yakima,Yakima,WA,54360310M400US27460,"Jamestown-Dunkirk-Fredonia, NY Micro Area",Jamestown-Dunkirk-Fredonia,Jamestown,NY,54359310M400US45660,"Tiffin, OH Micro Area",Tiffin,Tiffin,OH,54345310M400US40760,"Ruidoso, NM Micro Area",Ruidoso,Ruidoso,NM,54261310M400US20900,"El Campo, TX Micro Area",El Campo,El Campo,TX,54254310M400US36460,"Olean, NY Micro Area",Olean,Olean,NY,54234310M400US22420,"Flint, MI Metro Area",Flint,Flint,MI,54226310M400US33300,"Milledgeville, GA Micro Area",Milledgeville,Milledgeville,GA,54212310M400US33620,"Moberly, MO Micro Area",Moberly,Moberly,MO,54187310M400US33420,"Mineral Wells, TX Micro Area",Mineral Wells,Mineral Wells,TX,54167310M400US27020,"Iron Mountain, MI-WI Micro Area",Iron Mountain,Iron Mountain,MI,54150310M400US47180,"Vincennes, IN Micro Area",Vincennes,Vincennes,IN,54129310M400US37220,"Pahrump, NV Micro Area",Pahrump,Pahrump,NV,54125310M400US10140,"Aberdeen, WA Micro Area",Aberdeen,Aberdeen,WA,54112310M400US48940,"Wilmington, OH Micro Area",Wilmington,Wilmington,OH,54001310M400US18620,"Corsicana, TX Micro Area",Corsicana,Corsicana,TX,53830310M400US32740,"Meadville, PA Micro Area",Meadville,Meadville,PA,53823310M400US31940,"Marinette, WI-MI Micro Area",Marinette,Marinette,WI,53819310M400US35220,"New Castle, IN Micro Area",New Castle,New Castle,IN,53779310M400US22700,"Fort Dodge, IA Micro Area",Fort Dodge,Fort Dodge,IA,53773310M400US11980,"Athens, TX Micro Area",Athens,Athens,TX,53761310M400US14540,"Bowling Green, KY Metro Area",Bowling Green,Bowling Green,KY,53735310M400US43980,"Spencer, IA Micro Area",Spencer,Spencer,IA,53735310M400US40980,"Saginaw, MI Metro Area",Saginaw,Saginaw,MI,53730310M400US20180,"DuBois, PA Micro Area",DuBois,DuBois,PA,53724310M400US25880,"Hillsdale, MI Micro Area",Hillsdale,Hillsdale,MI,53719310M400US36340,"Oil City, PA Micro Area",Oil City,Oil City,PA,53657310M400US26740,"Hutchinson, KS Micro Area",Hutchinson,Hutchinson,KS,53650310M400US48100,"Wauchula, FL Micro Area",Wauchula,Wauchula,FL,53646310M400US32500,"Maysville, KY Micro Area",Maysville,Maysville,KY,53611310M400US26660,"Huntsville, TX Micro Area",Huntsville,Huntsville,TX,53592310M400US38620,"Ponca City, OK Micro Area",Ponca City,Ponca City,OK,53586310M400US44260,"Starkville, MS Micro Area",Starkville,Starkville,MS,53538310M400US29500,"Lamesa, TX Micro Area",Lamesa,Lamesa,TX,53462310M400US15580,"Butte-Silver Bow, MT Micro Area",Butte-Silver Bow,Butte,MT,53391310M400US22820,"Fort Morgan, CO Micro Area",Fort Morgan,Fort Morgan,CO,53391310M400US35440,"Newport, OR Micro Area",Newport,Newport,OR,53376310M400US10220,"Ada, OK Micro Area",Ada,Ada,OK,53301310M400US49660,"Youngstown-Warren-Boardman, OH-PA Metro Area",Youngstown-Warren-Boardman,Youngstown,OH,53274310M400US40660,"Rome, GA Metro Area",Rome,Rome,GA,53260310M400US24100,"Gloversville, NY Micro Area",Gloversville,Gloversville,NY,53250310M400US10760,"Alexander City, AL Micro Area",Alexander City,Alexander City,AL,53241310M400US26500,"Huntingdon, PA Micro Area",Huntingdon,Huntingdon,PA,53225310M400US34860,"Nacogdoches, TX Micro Area",Nacogdoches,Nacogdoches,TX,53179310M400US39980,"Richmond, IN Micro Area",Richmond,Richmond,IN,53166310M400US11780,"Ashtabula, OH Micro Area",Ashtabula,Ashtabula,OH,53139310M400US38380,"Plainview, TX Micro Area",Plainview,Plainview,TX,53138310M400US32020,"Marion, OH Micro Area",Marion,Marion,OH,53136310M400US12460,"Bainbridge, GA Micro Area",Bainbridge,Bainbridge,GA,53131310M400US45460,"Terre Haute, IN Metro Area",Terre Haute,Terre Haute,IN,53127310M400US13020,"Bay City, MI Metro Area",Bay City,Bay City,MI,53125310M400US43740,"Somerset, PA Micro Area",Somerset,Somerset,PA,53091310M400US29180,"Lafayette, LA Metro Area",Lafayette,Lafayette,LA,53056310M400US32540,"McAlester, OK Micro Area",McAlester,McAlester,OK,53025310M400US29380,"Lake City, FL Micro Area",Lake City,Lake City,FL,53024310M400US36830,"Othello, WA Micro Area",Othello,Othello,WA,53008310M400US20020,"Dothan, AL Metro Area",Dothan,Dothan,AL,53005310M400US32180,"Marshall, MO Micro Area",Marshall,Marshall,MO,52933310M400US35260,"New Castle, PA Micro Area",New Castle,New Castle,PA,52911310M400US34740,"Muskegon, MI Metro Area",Muskegon,Muskegon,MI,52895310M400US32900,"Merced, CA Metro Area",Merced,Merced,CA,52870310M400US34620,"Muncie, IN Metro Area",Muncie,Muncie,IN,52832310M400US15060,"Brookings, OR Micro Area",Brookings,Brookings,OR,52795310M400US28860,"Kirksville, MO Micro Area",Kirksville,Kirksville,MO,52793310M400US33660,"Mobile, AL Metro Area",Mobile,Mobile,AL,52756310M400US11220,"Amsterdam, NY Micro Area",Amsterdam,Amsterdam,NY,52749310M400US21120,"Elk City, OK Micro Area",Elk City,Elk City,OK,52721310M400US17340,"Clearlake, CA Micro Area",Clearlake,Clearlake,CA,52702310M400US27780,"Johnstown, PA Metro Area",Johnstown,Johnstown,PA,52699310M400US29460,"Lakeland-Winter Haven, FL Metro Area",Lakeland-Winter Haven,Lakeland,FL,52649310M400US22100,"Farmington, MO Micro Area",Farmington,Farmington,MO,52604310M400US36100,"Ocala, FL Metro Area",Ocala,Ocala,FL,52604310M400US26860,"Indiana, PA Micro Area",Indiana,Indiana,PA,52600310M400US29340,"Lake Charles, LA Metro Area",Lake Charles,Lake Charles,LA,52592310M400US25860,"Hickory-Lenoir-Morganton, NC Metro Area",Hickory-Lenoir-Morganton,Hickory,NC,52561310M400US27380,"Jacksonville, TX Micro Area",Jacksonville,Jacksonville,TX,52443310M400US16260,"Cedar City, UT Micro Area",Cedar City,Cedar City,UT,52319310M400US17060,"Chillicothe, OH Micro Area",Chillicothe,Chillicothe,OH,52319310M400US25060,"Gulfport-Biloxi-Pascagoula, MS Metro Area",Gulfport-Biloxi-Pascagoula,Gulfport,MS,52295310M400US44980,"Sunbury, PA Micro Area",Sunbury,Sunbury,PA,52215310M400US16620,"Charleston, WV Metro Area",Charleston,Charleston,WV,52194310M400US37420,"Pampa, TX Micro Area",Pampa,Pampa,TX,52188310M400US48260,"Weirton-Steubenville, WV-OH Metro Area",Weirton-Steubenville,Weirton,WV,52178310M400US31580,"Madisonville, KY Micro Area",Madisonville,Madisonville,KY,52174310M400US10620,"Albemarle, NC Micro Area",Albemarle,Albemarle,NC,52161310M400US19060,"Cumberland, MD-WV Metro Area",Cumberland,Cumberland,MD,52110310M400US37620,"Parkersburg-Vienna, WV Metro Area",Parkersburg-Vienna,Parkersburg,WV,52104310M400US10460,"Alamogordo, NM Micro Area",Alamogordo,Alamogordo,NM,52063310M400US34660,"Murray, KY Micro Area",Murray,Murray,KY,52031310M400US10500,"Albany, GA Metro Area",Albany,Albany,GA,52021310M400US40620,"Rolla, MO Micro Area",Rolla,Rolla,MO,51980310M400US18460,"Cornelia, GA Micro Area",Cornelia,Cornelia,GA,51964310M400US22180,"Fayetteville, NC Metro Area",Fayetteville,Fayetteville,NC,51937310M400US11500,"Anniston-Oxford-Jacksonville, AL Metro Area",Anniston-Oxford-Jacksonville,Anniston,AL,51864310M400US27920,"Junction City, KS Micro Area",Junction City,Junction City,KS,51836310M400US10700,"Albertville, AL Micro Area",Albertville,Albertville,AL,51789310M400US39380,"Pueblo, CO Metro Area",Pueblo,Pueblo,CO,51765310M400US45740,"Toccoa, GA Micro Area",Toccoa,Toccoa,GA,51759310M400US25620,"Hattiesburg, MS Metro Area",Hattiesburg,Hattiesburg,MS,51743310M400US27340,"Jacksonville, NC Metro Area",Jacksonville,Jacksonville,NC,51726310M400US43060,"Shawnee, OK Micro Area",Shawnee,Shawnee,OK,51705310M400US12980,"Battle Creek, MI Metro Area",Battle Creek,Battle Creek,MI,51674310M400US47300,"Visalia-Porterville, CA Metro Area",Visalia-Porterville,Visalia,CA,51617310M400US43180,"Shelbyville, TN Micro Area",Shelbyville,Shelbyville,TN,51575310M400US43340,"Shreveport-Bossier City, LA Metro Area",Shreveport-Bossier City,Shreveport,LA,51573310M400US45520,"The Dalles, OR Micro Area",The Dalles,The Dalles,OR,51552310M400US17420,"Cleveland, TN Metro Area",Cleveland,Cleveland,TN,51533310M400US14700,"Branson, MO Micro Area",Branson,Branson,MO,51470310M400US15740,"Cambridge, OH Micro Area",Cambridge,Cambridge,OH,51461310M400US11060,"Altus, OK Micro Area",Altus,Altus,OK,51418310M400US32460,"Mayfield, KY Micro Area",Mayfield,Mayfield,KY,51416310M400US30380,"Lewistown, PA Micro Area",Lewistown,Lewistown,PA,51402310M400US31420,"Macon-Bibb County, GA Metro Area",Macon-Bibb County,Macon,GA,51349310M400US26380,"Houma-Thibodaux, LA Metro Area",Houma-Thibodaux,Houma,LA,51347310M400US40700,"Roseburg, OR Micro Area",Roseburg,Roseburg,OR,51331310M400US40580,"Rocky Mount, NC Metro Area",Rocky Mount,Rocky Mount,NC,51219310M400US18900,"Crossville, TN Micro Area",Crossville,Crossville,TN,51208310M400US25260,"Hanford-Corcoran, CA Metro Area",Hanford-Corcoran,Hanford,CA,51109310M400US27740,"Johnson City, TN Metro Area",Johnson City,Johnson City,TN,51055310M400US37500,"Paragould, AR Micro Area",Paragould,Paragould,AR,51054310M400US35900,"North Wilkesboro, NC Micro Area",North Wilkesboro,North Wilkesboro,NC,51034310M400US20300,"Dumas, TX Micro Area",Dumas,Dumas,TX,51005310M400US38260,"Pittsburg, KS Micro Area",Pittsburg,Pittsburg,KS,50902310M400US10940,"Alma, MI Micro Area",Alma,Alma,MI,50891310M400US34300,"Mountain Home, ID Micro Area",Mountain Home,Mountain Home,ID,50881310M400US44940,"Sumter, SC Metro Area",Sumter,Sumter,SC,50877310M400US41400,"Salem, OH Micro Area",Salem,Salem,OH,50860310M400US31980,"Marion, IN Micro Area",Marion,Marion,IN,50751310M400US39780,"Red Bluff, CA Micro Area",Red Bluff,Red Bluff,CA,50747310M400US40740,"Roswell, NM Micro Area",Roswell,Roswell,NM,50729310M400US13060,"Bay City, TX Micro Area",Bay City,Bay City,TX,50713310M400US17700,"Coffeyville, KS Micro Area",Coffeyville,Coffeyville,KS,50655310M400US15340,"Bucyrus, OH Micro Area",Bucyrus,Bucyrus,OH,50640310M400US23460,"Gadsden, AL Metro Area",Gadsden,Gadsden,AL,50632310M400US20540,"Dyersburg, TN Micro Area",Dyersburg,Dyersburg,TN,50601310M400US13620,"Berlin, NH-VT Micro Area",Berlin,Berlin,NH,50537310M400US42300,"Sault Ste. Marie, MI Micro Area",Sault Ste. Marie,Sault Ste. Marie,MI,50503310M400US26580,"Huntington-Ashland, WV-KY-OH Metro Area",Huntington-Ashland,Huntington,WV,50492310M400US28900,"Klamath Falls, OR Micro Area",Klamath Falls,Klamath Falls,OR,50447310M400US37300,"Palestine, TX Micro Area",Palestine,Palestine,TX,50435310M400US10780,"Alexandria, LA Metro Area",Alexandria,Alexandria,LA,50402310M400US42940,"Sevierville, TN Micro Area",Sevierville,Sevierville,TN,50353310M400US45980,"Troy, AL Micro Area",Troy,Troy,AL,50335310M400US49780,"Zanesville, OH Micro Area",Zanesville,Zanesville,OH,50322310M400US40820,"Ruston, LA Micro Area",Ruston,Ruston,LA,50298310M400US27180,"Jackson, TN Metro Area",Jackson,Jackson,TN,50290310M400US33020,"Mexico, MO Micro Area",Mexico,Mexico,MO,50279310M400US40080,"Richmond-Berea, KY Micro Area",Richmond-Berea,Richmond,KY,50243310M400US28700,"Kingsport-Bristol-Bristol, TN-VA Metro Area",Kingsport-Bristol-Bristol,Kingsport,TN,50240310M400US37540,"Paris, TN Micro Area",Paris,Paris,TN,50237310M400US38580,"Point Pleasant, WV-OH Micro Area",Point Pleasant,Point Pleasant,WV,50227310M400US36620,"Ontario, OR-ID Micro Area",Ontario,Ontario,OR,50205310M400US26140,"Homosassa Springs, FL Metro Area",Homosassa Springs,Homosassa Springs,FL,50192310M400US35140,"Newberry, SC Micro Area",Newberry,Newberry,SC,50185310M400US18300,"Coos Bay, OR Micro Area",Coos Bay,Coos Bay,OR,50184310M400US46180,"Tupelo, MS Micro Area",Tupelo,Tupelo,MS,50070310M400US37740,"Payson, AZ Micro Area",Payson,Payson,AZ,50005310M400US21180,"Elkins, WV Micro Area",Elkins,Elkins,WV,49923310M400US34780,"Muskogee, OK Micro Area",Muskogee,Muskogee,OK,49879310M400US46660,"Valdosta, GA Metro Area",Valdosta,Valdosta,GA,49876310M400US15220,"Brownwood, TX Micro Area",Brownwood,Brownwood,TX,49685310M400US12900,"Batesville, AR Micro Area",Batesville,Batesville,AR,49661310M400US27860,"Jonesboro, AR Metro Area",Jonesboro,Jonesboro,AR,49616310M400US24420,"Grants Pass, OR Metro Area",Grants Pass,Grants Pass,OR,49592310M400US18740,"Coshocton, OH Micro Area",Coshocton,Coshocton,OH,49557310M400US29420,"Lake Havasu City-Kingman, AZ Metro Area",Lake Havasu City-Kingman,Lake Havasu City,AZ,49551310M400US27160,"Jackson, OH Micro Area",Jackson,Jackson,OH,49506310M400US19140,"Dalton, GA Metro Area",Dalton,Dalton,GA,49435310M400US46460,"Union City, TN-KY Micro Area",Union City,Union City,TN,49389310M400US45180,"Talladega-Sylacauga, AL Micro Area",Talladega-Sylacauga,Talladega,AL,49326310M400US32660,"McMinnville, TN Micro Area",McMinnville,McMinnville,TN,49282310M400US24140,"Goldsboro, NC Metro Area",Goldsboro,Goldsboro,NC,49228310M400US19420,"Dayton, TN Micro Area",Dayton,Dayton,TN,49170310M400US34020,"Morgan City, LA Micro Area",Morgan City,Morgan City,LA,49134310M400US15140,"Brownsville, TN Micro Area",Brownsville,Brownsville,TN,49110310M400US42620,"Searcy, AR Micro Area",Searcy,Searcy,AR,49075310M400US34420,"Mount Pleasant, TX Micro Area",Mount Pleasant,Mount Pleasant,TX,48969310M400US34340,"Mount Airy, NC Micro Area",Mount Airy,Mount Airy,NC,48966310M400US31260,"Lufkin, TX Micro Area",Lufkin,Lufkin,TX,48897310M400US43500,"Silver City, NM Micro Area",Silver City,Silver City,NM,48855310M400US43320,"Show Low, AZ Micro Area",Show Low,Show Low,AZ,48814310M400US10980,"Alpena, MI Micro Area",Alpena,Alpena,MI,48750310M400US34100,"Morristown, TN Metro Area",Morristown,Morristown,TN,48714310M400US29300,"LaGrange, GA Micro Area",LaGrange,LaGrange,GA,48707310M400US22500,"Florence, SC Metro Area",Florence,Florence,SC,48665310M400US21980,"Fallon, NV Micro Area",Fallon,Fallon,NV,48641310M400US30280,"Lewisburg, TN Micro Area",Lewisburg,Lewisburg,TN,48574310M400US22900,"Fort Smith, AR-OK Metro Area",Fort Smith,Fort Smith,AR,48537310M400US46740,"Valley, AL Micro Area",Valley,Valley,AL,48536310M400US44340,"Statesboro, GA Micro Area",Statesboro,Statesboro,GA,48469310M400US30220,"Levelland, TX Micro Area",Levelland,Levelland,TX,48432310M400US16340,"Cedartown, GA Micro Area",Cedartown,Cedartown,GA,48394310M400US47920,"Washington Court House, OH Micro Area",Washington Court House,Washington Court House,OH,48295310M400US18220,"Connersville, IN Micro Area",Connersville,Connersville,IN,48248310M400US39020,"Portsmouth, OH Micro Area",Portsmouth,Portsmouth,OH,48143310M400US19220,"Danville, KY Micro Area",Danville,Danville,KY,48107310M400US27700,"Jesup, GA Micro Area",Jesup,Jesup,GA,48092310M400US42740,"Sedalia, MO Micro Area",Sedalia,Sedalia,MO,48092310M400US17580,"Clovis, NM Micro Area",Clovis,Clovis,NM,47982310M400US29740,"Las Cruces, NM Metro Area",Las Cruces,Las Cruces,NM,47945310M400US46980,"Vicksburg, MS Micro Area",Vicksburg,Vicksburg,MS,47939310M400US38220,"Pine Bluff, AR Metro Area",Pine Bluff,Pine Bluff,AR,47869310M400US24940,"Greenwood, SC Micro Area",Greenwood,Greenwood,SC,47848310M400US46900,"Vernon, TX Micro Area",Vernon,Vernon,TX,47807310M400US45340,"Taos, NM Micro Area",Taos,Taos,NM,47728310M400US32940,"Meridian, MS Micro Area",Meridian,Meridian,MS,47669310M400US25460,"Harrison, AR Micro Area",Harrison,Harrison,AR,47634310M400US43140,"Shelby, NC Micro Area",Shelby,Shelby,NC,47534310M400US14140,"Bluefield, WV-VA Micro Area",Bluefield,Bluefield,WV,47477310M400US45140,"Tahlequah, OK Micro Area",Tahlequah,Tahlequah,OK,47336310M400US15780,"Camden, AR Micro Area",Camden,Camden,AR,47332310M400US11940,"Athens, TN Micro Area",Athens,Athens,TN,47288310M400US20460,"Durant, OK Micro Area",Durant,Durant,OK,47272310M400US11140,"Americus, GA Micro Area",Americus,Americus,GA,47232310M400US45620,"Thomasville, GA Micro Area",Thomasville,Thomasville,GA,47204310M400US28820,"Kinston, NC Micro Area",Kinston,Kinston,NC,47125310M400US42460,"Scottsboro, AL Micro Area",Scottsboro,Scottsboro,AL,47078310M400US15620,"Cadillac, MI Micro Area",Cadillac,Cadillac,MI,47027310M400US36380,"Okeechobee, FL Micro Area",Okeechobee,Okeechobee,FL,46907310M400US29860,"Laurel, MS Micro Area",Laurel,Laurel,MS,46898310M400US20980,"El Dorado, AR Micro Area",El Dorado,El Dorado,AR,46724310M400US45700,"Tifton, GA Micro Area",Tifton,Tifton,GA,46674310M400US30060,"Lebanon, MO Micro Area",Lebanon,Lebanon,MO,46661310M400US16420,"Central City, KY Micro Area",Central City,Central City,KY,46622310M400US22580,"Forest City, NC Micro Area",Forest City,Forest City,NC,46490310M400US31680,"Malvern, AR Micro Area",Malvern,Malvern,AR,46325310M400US24980,"Grenada, MS Micro Area",Grenada,Grenada,MS,46221310M400US48180,"Waycross, GA Micro Area",Waycross,Waycross,GA,46156310M400US34260,"Mountain Home, AR Micro Area",Mountain Home,Mountain Home,AR,46130310M400US19260,"Danville, VA Micro Area",Danville,Danville,VA,46063310M400US26260,"Hope, AR Micro Area",Hope,Hope,AR,46052310M400US30580,"Liberal, KS Micro Area",Liberal,Liberal,KS,46020310M400US15660,"Calhoun, GA Micro Area",Calhoun,Calhoun,GA,45942310M400US25780,"Henderson, NC Micro Area",Henderson,Henderson,NC,45938310M400US18260,"Cookeville, TN Micro Area",Cookeville,Cookeville,TN,45935310M400US38780,"Portales, NM Micro Area",Portales,Portales,NM,45845310M400US14180,"Blytheville, AR Micro Area",Blytheville,Blytheville,AR,45826310M400US25980,"Hinesville, GA Metro Area",Hinesville,Hinesville,GA,45738310M400US31620,"Magnolia, AR Micro Area",Magnolia,Magnolia,AR,45560310M400US23500,"Gaffney, SC Micro Area",Gaffney,Gaffney,SC,45413310M400US15820,"Campbellsville, KY Micro Area",Campbellsville,Campbellsville,KY,45309310M400US27660,"Jennings, LA Micro Area",Jennings,Jennings,LA,45203310M400US29900,"Laurinburg, NC Micro Area",Laurinburg,Laurinburg,NC,45197310M400US43460,"Sikeston, MO Micro Area",Sikeston,Sikeston,MO,45166310M400US45580,"Thomaston, GA Micro Area",Thomaston,Thomaston,GA,45133310M400US49740,"Yuma, AZ Metro Area",Yuma,Yuma,AZ,45097310M400US28780,"Kingsville, TX Micro Area",Kingsville,Kingsville,TX,45084310M400US13220,"Beckley, WV Metro Area",Beckley,Beckley,WV,45059310M400US18980,"Cullman, AL Micro Area",Cullman,Cullman,AL,45057310M400US46620,"Uvalde, TX Micro Area",Uvalde,Uvalde,TX,45052310M400US33060,"Miami, OK Micro Area",Miami,Miami,OK,44914310M400US42700,"Sebring, FL Metro Area",Sebring,Sebring,FL,44911310M400US21340,"El Paso, TX Metro Area",El Paso,El Paso,TX,44856310M400US24620,"Greeneville, TN Micro Area",Greeneville,Greeneville,TN,44788310M400US32280,"Martin, TN Micro Area",Martin,Martin,TN,44765310M400US18420,"Corinth, MS Micro Area",Corinth,Corinth,MS,44696310M400US35700,"Nogales, AZ Micro Area",Nogales,Nogales,AZ,44580310M400US38740,"Poplar Bluff, MO Micro Area",Poplar Bluff,Poplar Bluff,MO,44453310M400US43700,"Somerset, KY Micro Area",Somerset,Somerset,KY,44446310M400US32000,"Marion, NC Micro Area",Marion,Marion,NC,44304310M400US23980,"Glasgow, KY Micro Area",Glasgow,Glasgow,KY,44289310M400US40780,"Russellville, AR Micro Area",Russellville,Russellville,AR,44256310M400US38100,"Picayune, MS Micro Area",Picayune,Picayune,MS,43964310M400US15020,"Brookhaven, MS Micro Area",Brookhaven,Brookhaven,MS,43957310M400US24380,"Grants, NM Micro Area",Grants,Grants,NM,43880310M400US13300,"Beeville, TX Micro Area",Beeville,Beeville,TX,43664310M400US29980,"Lawrenceburg, TN Micro Area",Lawrenceburg,Lawrenceburg,TN,43592310M400US32300,"Martinsville, VA Micro Area",Martinsville,Martinsville,VA,43430310M400US17380,"Cleveland, MS Micro Area",Cleveland,Cleveland,MS,43352310M400US20940,"El Centro, CA Metro Area",El Centro,El Centro,CA,43329310M400US48500,"West Point, MS Micro Area",West Point,West Point,MS,42912310M400US20060,"Douglas, GA Micro Area",Douglas,Douglas,GA,42865310M400US21640,"Eufaula, AL-GA Micro Area",Eufaula,Eufaula,AL,42813310M400US14220,"Bogalusa, LA Micro Area",Bogalusa,Bogalusa,LA,42783310M400US37260,"Palatka, FL Micro Area",Palatka,Palatka,FL,42693310M400US11580,"Arcadia, FL Micro Area",Arcadia,Arcadia,FL,42649310M400US12120,"Atmore, AL Micro Area",Atmore,Atmore,AL,42638310M400US35060,"Natchitoches, LA Micro Area",Natchitoches,Natchitoches,LA,42480310M400US22840,"Fort Payne, AL Micro Area",Fort Payne,Fort Payne,AL,42223310M400US34460,"Mount Sterling, KY Micro Area",Mount Sterling,Mount Sterling,KY,42207310M400US18380,"Cordele, GA Micro Area",Cordele,Cordele,GA,42178310M400US40260,"Roanoke Rapids, NC Micro Area",Roanoke Rapids,Roanoke Rapids,NC,42025310M400US28380,"Kennett, MO Micro Area",Kennett,Kennett,MO,41921310M400US20140,"Dublin, GA Micro Area",Dublin,Dublin,GA,41767310M400US47080,"Vidalia, GA Micro Area",Vidalia,Vidalia,GA,41727310M400US30880,"Logan, WV Micro Area",Logan,Logan,WV,41628310M400US10860,"Alice, TX Micro Area",Alice,Alice,TX,41627310M400US36700,"Orangeburg, SC Micro Area",Orangeburg,Orangeburg,SC,41599310M400US40460,"Rockingham, NC Micro Area",Rockingham,Rockingham,NC,41335310M400US48460,"West Plains, MO Micro Area",West Plains,West Plains,MO,41284310M400US34220,"Moultrie, GA Micro Area",Moultrie,Moultrie,GA,41131310M400US29780,"Las Vegas, NM Micro Area",Las Vegas,Las Vegas,NM,41092310M400US19620,"Del Rio, TX Micro Area",Del Rio,Del Rio,TX,41061310M400US24900,"Greenwood, MS Micro Area",Greenwood,Greenwood,MS,40839310M400US13500,"Bennettsville, SC Micro Area",Bennettsville,Bennettsville,SC,40760310M400US30940,"London, KY Micro Area",London,London,KY,40668310M400US13720,"Big Stone Gap, VA Micro Area",Big Stone Gap,Big Stone Gap,VA,40595310M400US22620,"Forrest City, AR Micro Area",Forrest City,Forrest City,AR,40522310M400US35460,"Newport, TN Micro Area",Newport,Newport,TN,40513310M400US42820,"Selma, AL Micro Area",Selma,Selma,AL,40109310M400US44900,"Summerville, GA Micro Area",Summerville,Summerville,GA,39408310M400US49820,"Zapata, TX Micro Area",Zapata,Zapata,TX,39394310M400US12820,"Bastrop, LA Micro Area",Bastrop,Bastrop,LA,39176310M400US35020,"Natchez, MS-LA Micro Area",Natchez,Natchez,MS,39152310M400US24740,"Greenville, MS Micro Area",Greenville,Greenville,MS,38768310M400US32620,"McComb, MS Micro Area",McComb,McComb,MS,38667310M400US36660,"Opelousas, LA Micro Area",Opelousas,Opelousas,LA,37685310M400US17500,"Clewiston, FL Micro Area",Clewiston,Clewiston,FL,37254310M400US15180,"Brownsville-Harlingen, TX Metro Area",Brownsville-Harlingen,Brownsville,TX,37251310M400US26940,"Indianola, MS Micro Area",Indianola,Indianola,MS,37071310M400US17260,"Clarksdale, MS Micro Area",Clarksdale,Clarksdale,MS,37070310M400US31300,"Lumberton, NC Micro Area",Lumberton,Lumberton,NC,36867310M400US29700,"Laredo, TX Metro Area",Laredo,Laredo,TX,35322310M400US25760,"Helena-West Helena, AR Micro Area",Helena-West Helena,Helena,AR,35260310M400US32580,"McAllen-Edinburg-Mission, TX Metro Area",McAllen-Edinburg-Mission,McAllen,TX,35102310M400US23700,"Gallup, NM Micro Area",Gallup,Gallup,NM,34311310M400US19700,"Deming, NM Micro Area",Deming,Deming,NM,33724310M400US22340,"Fitzgerald, GA Micro Area",Fitzgerald,Fitzgerald,GA,32581310M400US39940,"Rexburg, ID Micro Area",Rexburg,Rexburg,ID,29628310M400US20580,"Eagle Pass, TX Micro Area",Eagle Pass,Eagle Pass,TX,27460310M400US33180,"Middlesborough, KY Micro Area",Middlesborough,Middlesborough,KY,27203310M400US41980,"San Juan-Carolina-Caguas, PR Metro Area",San Juan-Carolina-Caguas,San Juan,PR,23010310M400US40100,"Rio Grande City, TX Micro Area",Rio Grande City,Rio Grande City,TX,22935310M400US39700,"Raymondville, TX Micro Area",Raymondville,Raymondville,TX,22391310M400US17620,"Coamo, PR Micro Area",Coamo,Coamo,PR,21714310M400US11640,"Arecibo, PR Metro Area",Arecibo,Arecibo,PR,18990310M400US32420,"Mayag�ez, PR Metro Area",Mayag�ez,Mayag�ez,PR,18784310M400US25020,"Guayama, PR Metro Area",Guayama,Guayama,PR,18273310M400US38660,"Ponce, PR Metro Area",Ponce,Ponce,PR,18247310M400US41900,"San Germ�n, PR Metro Area",San Germ�n,San Germ�n,PR,18088310M400US17640,"Coco, PR Micro Area",Coco,Coco,PR,17974310M400US42180,"Santa Isabel, PR Micro Area",Santa Isabel,Santa Isabel,PR,17650310M400US10380,"Aguadilla-Isabela, PR Metro Area",Aguadilla-Isabela,Aguadilla,PR,17307310M400US27580,"Jayuya, PR Micro Area",Jayuya,Jayuya,PR,16713310M400US10260,"Adjuntas, PR Micro Area",Adjuntas,Adjuntas,PR,11989